{"cameraMode":{"drawMode":0,"name":"Shaded","section":"Shading Mode"},"sceneLighting":true,"audioPlay":false,"sceneViewState":{"m_AlwaysRefresh":false,"showFog":true,"showSkybox":true,"showFlares":true,"showImageEffects":true,"showParticleSystems":true,"showVisualEffectGraphs":true,"m_FxEnabled":true},"in2DMode":false,"pivot":{"x":31.23338508605957,"y":-23.479087829589845,"z":-73.53024291992188},"rotation":{"x":0.23485521972179414,"y":-0.04341456666588783,"z":0.011381133459508419,"w":0.9711605906486511},"size":12.12435531616211,"orthographic":false}